{
	"pattrstorage" : 	{
		"name" : "parent.json",
		"slots" : 		{
			"1" : 			{
				"id" : 1,
				"data" : 				{
					"fuzzTracker" : [ "space", 8, 0.870824, 0.177241, "/p0", 0.75, 0.375, 0.1875, 0.0, 4.347564, 31045196.0, 0.069343, 0.2, 0, 0.163025, 0.965913, "/p1", 0.75, 0.5625, 0.1875, 0.0, 3.321928, 308065.84375, 0.05, 0.2, 0, 0.815145, 0.793629, "/p2", 0.75, 0.75, 0.1875, 0.0, 3.321928, 308065.84375, 0.05, 0.2, 0, 0.492205, 0.17043, "/p3", 0.5625, 0.75, 0.1875, 0.0, 3.321928, 308065.84375, 0.05, 0.2, 0, 0.100223, 0.126159, "/p4", 0.375, 0.75, 0.1875, 0.0, 3.321928, 308065.84375, 0.05, 0.2, 0, 0.175947, 0.568869, "/p16", 0.75, 0.1875, 0.375, 0.0, 3.321928, 308065.84375, 0.05, 0.2, 0, 0.52784, 0.871955, "/p17", 0.75, 0.1875, 0.1875, 0.0, 2.477188, 4152.582031, 0.025394, 0.162964, 0, 0.5, 0.5, "null", 0.0, 0.0, 0.0, 1.0, 1.0, 44.899998, 0.01, 1.0, 0 ],
					"simpleTimer::hrs" : [ 0 ],
					"simpleTimer::min" : [ 4 ],
					"simpleTimer::sec" : [ 34 ],
					"controls::null" : [ 1 ],
					"controls::sttings" : [ 0 ],
					"controls::labeling" : [ 0 ]
				}

			}
,
			"2" : 			{
				"id" : 2,
				"data" : 				{
					"fuzzTracker" : [ "space", 8, 0.563474, 0.531409, "/p0", 0.75, 0.375, 0.1875, 0.0, 4.347564, 31045196.0, 0.069343, 0.2, 0, 0.57461, 0.459894, "/p1", 0.75, 0.5625, 0.1875, 0.0, 3.321928, 308065.84375, 0.05, 0.2, 0, 0.605791, 0.538219, "/p2", 0.75, 0.75, 0.1875, 0.0, 3.321928, 308065.84375, 0.05, 0.2, 0, 0.563474, 0.510976, "/p3", 0.5625, 0.75, 0.1875, 0.0, 3.321928, 308065.84375, 0.05, 0.2, 0, 0.570156, 0.517787, "/p4", 0.375, 0.75, 0.1875, 0.0, 3.321928, 308065.84375, 0.05, 0.2, 0, 0.516704, 0.521192, "/p16", 0.75, 0.1875, 0.375, 0.0, 3.321928, 308065.84375, 0.05, 0.2, 0, 0.565702, 0.558652, "/p17", 0.75, 0.1875, 0.1875, 0.0, 2.477188, 4152.582031, 0.025394, 0.162964, 0, 0.5, 0.5, "null", 0.0, 0.0, 0.0, 1.0, 1.0, 44.899998, 0.01, 1.0, 0 ],
					"simpleTimer::hrs" : [ 0 ],
					"simpleTimer::min" : [ 4 ],
					"simpleTimer::sec" : [ 34 ],
					"controls::null" : [ 1 ],
					"controls::sttings" : [ 0 ],
					"controls::labeling" : [ 0 ]
				}

			}
,
			"3" : 			{
				"id" : 3,
				"data" : 				{
					"fuzzTracker" : [ "space", 8, 0.563474, 0.531409, "/p0", 0.75, 0.375, 0.1875, 0.0, 11.158088, 458986043773812736.0, 0.069343, 0.104772, 0, 0.071269, 0.95028, "/p1", 0.75, 0.5625, 0.1875, 0.0, 3.321928, 308065.84375, 0.05, 0.2, 0, 0.926503, 0.841305, "/p2", 0.75, 0.75, 0.1875, 0.0, 3.321928, 308065.84375, 0.05, 0.2, 0, 0.579065, 0.548436, "/p3", 0.5625, 0.75, 0.1875, 0.0, 10.069271, 403426345222144.0, 0.05, 0.078994, 0, 0.064588, 0.943469, "/p4", 0.375, 0.75, 0.1875, 0.0, 3.321928, 308065.84375, 0.05, 0.2, 0, 0.516704, 0.521192, "/p16", 0.75, 0.1875, 0.375, 0.0, 5.299112, 144626272.0, 0.05, 0.119232, 0, 0.565702, 0.558652, "/p17", 0.75, 0.1875, 0.1875, 0.0, 43.708691, 0., 0.1624, 0.162964, 0, 0.5, 0.5, "null", 0.0, 0.0, 0.0, 1.0, 1.0, 44.899998, 0.01, 1.0, 0 ],
					"simpleTimer::hrs" : [ 0 ],
					"simpleTimer::min" : [ 4 ],
					"simpleTimer::sec" : [ 34 ],
					"controls::null" : [ 1 ],
					"controls::sttings" : [ 0 ],
					"controls::labeling" : [ 0 ]
				}

			}
,
			"4" : 			{
				"id" : 4,
				"data" : 				{
					"fuzzTracker" : [  ],
					"simpleTimer::hrs" : [  ],
					"simpleTimer::min" : [  ],
					"simpleTimer::sec" : [  ],
					"controls::null" : [ 0 ],
					"controls::sttings" : [ 0 ],
					"controls::labeling" : [ 0 ]
				}

			}
,
			"5" : 			{
				"id" : 5,
				"data" : 				{
					"fuzzTracker" : [  ],
					"simpleTimer::hrs" : [  ],
					"simpleTimer::min" : [  ],
					"simpleTimer::sec" : [  ],
					"controls::null" : [ 1 ],
					"controls::sttings" : [ 0 ],
					"controls::labeling" : [ 0 ]
				}

			}
,
			"6" : 			{
				"id" : 6,
				"data" : 				{
					"fuzzTracker" : [  ],
					"simpleTimer::hrs" : [  ],
					"simpleTimer::min" : [  ],
					"simpleTimer::sec" : [  ],
					"controls::null" : [ 1 ],
					"controls::sttings" : [  ],
					"controls::labeling" : [  ]
				}

			}
,
			"7" : 			{
				"id" : 7,
				"data" : 				{
					"fuzzTracker" : [ "space", 8, 0.393332, 0.72871, "/p0", 0.75, 0.375, 0.1875, 0.0, 3.321928, 308065.84375, 0.05, 0.2, 0, 0.163025, 0.965913, "/p1", 0.75, 0.5625, 0.1875, 0.0, 3.321928, 308065.84375, 0.05, 0.2, 0, 0.534175, 0.876015, "/p2", 0.75, 0.75, 0.1875, 0.0, 3.321928, 308065.84375, 0.05, 0.2, 0, 0.403116, 0.175606, "/p3", 0.5625, 0.75, 0.1875, 0.0, 3.321928, 308065.84375, 0.05, 0.2, 0, 0.328638, 0.414461, "/p4", 0.375, 0.75, 0.1875, 0.0, 3.321928, 308065.84375, 0.05, 0.2, 0, 0.986946, 0.606318, "/p16", 0.75, 0.1875, 0.375, 0.0, 3.321928, 308065.84375, 0.05, 0.2, 0, 0.800223, 0.198981, "/p17", 0.75, 0.1875, 0.1875, 0.0, 2.477188, 4152.582031, 0.025394, 0.162964, 0, 0.5, 0.5, "null", 0.0, 0.0, 0.0, 1.0, 1.0, 44.899998, 0.01, 1.0, 0 ],
					"simpleTimer::hrs" : [ 0 ],
					"simpleTimer::min" : [ 4 ],
					"simpleTimer::sec" : [ 34 ],
					"controls::null" : [ 1 ],
					"controls::sttings" : [ 0 ],
					"controls::labeling" : [ 0 ]
				}

			}
,
			"9" : 			{
				"id" : 9,
				"data" : 				{
					"fuzzTracker" : [ "space", 7, 0.870824, 0.177241, "/p0", 0.75, 0.375, 0.1875, 0.0, 4.347564, 31045196.0, 0.069343, 0.2, 0, 0.163025, 0.965913, "/p1", 0.75, 0.5625, 0.1875, 0.0, 3.321928, 308065.84375, 0.05, 0.2, 0, 0.534175, 0.876015, "/p2", 0.75, 0.75, 0.1875, 0.0, 3.321928, 308065.84375, 0.05, 0.2, 0, 0.403116, 0.175606, "/p3", 0.5625, 0.75, 0.1875, 0.0, 3.321928, 308065.84375, 0.05, 0.2, 0, 0.328638, 0.414461, "/p4", 0.375, 0.75, 0.1875, 0.0, 3.321928, 308065.84375, 0.05, 0.2, 0, 0.227171, 0.565463, "/p16", 0.75, 0.1875, 0.375, 0.0, 3.321928, 308065.84375, 0.05, 0.2, 0, 0.427617, 0.749358, "/p17", 0.75, 0.1875, 0.1875, 0.0, 2.477188, 4152.582031, 0.025394, 0.162964, 0 ],
					"simpleTimer::hrs" : [ 0 ],
					"simpleTimer::min" : [ 4 ],
					"simpleTimer::sec" : [ 34 ],
					"controls::null" : [ 0 ],
					"controls::sttings" : [ 0 ],
					"controls::labeling" : [ 0 ]
				}

			}

		}

	}

}
